id,name
0,Geoff
1,School
2,Company
3,Family
4,Network
5,Aaron
6,Abbott
7,Jacob
8,James
9,Kelvin
10,Kendall
11,Kendrick
12,Leroy
13,Leslie
14,Lester
15,Magnus
16,Malcolm
17,Melvin
18,Perry
19,Peter
20,Peyton
21,Royce
22,Rufus
23,Rupert
24,Hadden
25,Hadley
26,Hadwin
27,Hal
28,Halbert
29,Halden
30,Hale
31,Gilroy
32,Glenn
33,Goddard
34,Godfrey
35,Godwin
36,Graham
37,Grant
38,Tobias
39,Toby
40,Todd
41,Tony
42,Travis
43,Trent
44,Trevor
45,Tristan
46,Troy
47,Truman
48,Tyler